symbol,date,open,high,low,close,volume,candle_direction,body_size,candle_range,rolling_avg_close,body_strength,distance_from_avg,rolling_avg_body_size,rolling_avg_volume,trend_direction,signal,daily_range_pct,rolling_avg_range_pct,entry_price,entry_date,rr,risk_distance,stop_loss,take_profit
AAPL,2021-06-14,127.82,130.54,127.07,130.48,96906500,bullish_candle,2.66,3.47,127.56,0.77,2.29,0.92,70579412.0,bullish_trend,strong_bullish_move,2.66,1.43,129.94,2021-06-15,1:2,1.86,128.08,133.66
AAPL,2021-07-02,137.9,140.0,137.75,139.96,78945572,bullish_candle,2.06,2.25,137.06,0.92,2.12,1.28,64272035.0,bullish_trend,strong_bullish_move,1.61,1.43,140.07,2021-07-06,1:2,2.0,138.07,144.07
AAPL,2021-08-12,146.19,149.05,145.84,148.89,73779113,bullish_candle,2.7,3.21,146.52,0.84,1.62,0.81,58866245.0,bullish_trend,strong_bullish_move,2.16,1.54,148.97,2021-08-13,1:2,2.29,146.68,153.55
AAPL,2021-08-30,149.0,153.49,148.61,153.12,90956723,bullish_candle,4.12,4.88,149.45,0.84,2.46,1.53,60590810.0,bullish_trend,strong_bullish_move,3.19,1.8,152.66,2021-08-31,1:2,2.75,149.91,158.16
AAPL,2021-10-18,143.45,146.84,143.16,146.55,85589200,bullish_candle,3.1,3.68,143.51,0.84,2.12,1.57,75047051.0,bullish_trend,strong_bullish_move,2.51,1.9,147.01,2021-10-19,1:2,2.79,144.22,152.59
AAPL,2021-10-28,149.82,153.17,149.72,152.57,100077900,bullish_candle,2.75,3.45,149.61,0.8,1.98,0.86,65334054.0,bullish_trend,strong_bullish_move,2.26,1.49,147.22,2021-10-29,1:2,2.19,145.03,151.6
AAPL,2021-11-17,151.0,155.0,150.99,153.49,88807000,bullish_candle,2.49,4.01,150.47,0.62,2.01,1.31,62418004.0,bullish_trend,strong_bullish_move,2.61,1.56,153.71,2021-11-18,1:2,2.4,151.31,158.51
AAPL,2021-11-18,153.71,158.67,153.05,157.87,137827700,bullish_candle,4.16,5.62,152.47,0.74,3.54,1.93,81783544.0,bullish_trend,strong_bullish_move,3.56,1.64,157.65,2021-11-19,1:2,2.59,155.06,162.83
AAPL,2021-11-30,159.99,165.52,159.92,165.3,174048100,bullish_candle,5.31,5.6,161.14,0.95,2.58,2.08,101052328.0,bullish_trend,strong_bullish_move,3.39,2.17,167.48,2021-12-01,1:2,3.63,163.85,174.74
AAPL,2021-12-10,175.21,179.63,174.69,179.45,115402731,bullish_candle,4.24,4.94,173.12,0.86,3.66,2.13,113845554.0,bullish_trend,strong_bullish_move,2.75,2.55,181.12,2021-12-13,1:2,4.62,176.5,190.36
AAPL,2022-01-03,177.83,182.88,177.71,182.01,104701220,bullish_candle,4.18,5.17,179.29,0.81,1.52,1.38,74005961.0,bullish_trend,strong_bullish_move,2.84,2.34,182.63,2022-01-04,1:2,4.27,178.36,191.17
AAPL,2022-01-28,165.71,170.35,162.8,170.33,179935700,bullish_candle,4.62,7.55,162.13,0.61,5.06,2.81,137734146.0,bullish_trend,strong_bullish_move,4.43,2.98,170.16,2022-01-31,1:2,5.07,165.09,180.3
AAPL,2022-07-27,152.58,157.33,152.16,156.79,78620700,bullish_candle,4.21,5.17,154.16,0.81,1.71,1.62,63829078.0,bullish_trend,strong_bullish_move,3.3,2.41,156.98,2022-07-28,1:2,3.78,153.2,164.54
AAPL,2022-08-03,160.84,166.59,160.75,166.13,82507500,bullish_candle,5.29,5.84,161.5,0.91,2.87,1.5,78681911.0,bullish_trend,strong_bullish_move,3.52,2.32,166.01,2022-08-04,1:2,3.85,162.16,173.71
AAPL,2022-09-12,159.59,164.26,159.3,163.43,104956000,bullish_candle,3.84,4.96,157.15,0.77,4.0,1.8,83825059.0,bullish_trend,strong_bullish_move,3.03,2.32,159.9,2022-09-13,1:2,3.71,156.19,167.32
AAPL,2022-10-13,134.99,143.59,134.37,142.99,113224000,bullish_candle,8.0,9.22,140.16,0.87,2.02,2.43,84303209.0,bullish_trend,strong_bullish_move,6.45,3.05,144.31,2022-10-14,1:2,4.4,139.91,153.11
AAPL,2022-10-21,142.87,147.85,142.65,147.27,86548609,bullish_candle,4.4,5.2,144.14,0.85,2.17,2.0,79443300.0,bullish_trend,strong_bullish_move,3.53,2.86,147.19,2022-10-24,1:2,4.21,142.98,155.61
AAPL,2022-10-28,148.2,157.5,147.82,155.74,164762400,bullish_candle,7.54,9.68,150.34,0.78,3.59,3.39,102618598.0,bullish_trend,strong_bullish_move,6.22,3.31,153.16,2022-10-31,1:2,5.07,148.09,163.3
AAPL,2022-11-10,141.24,146.87,139.5,146.87,118854028,bullish_candle,5.63,7.37,139.71,0.76,5.12,3.14,101573951.0,bullish_trend,strong_bullish_move,5.02,3.57,145.82,2022-11-11,1:2,5.21,140.61,156.24
AAPL,2023-02-03,148.03,157.38,147.83,154.5,154357337,bullish_candle,6.47,9.55,147.61,0.68,4.67,2.68,96049954.0,bullish_trend,strong_bullish_move,6.18,2.68,152.57,2023-02-06,1:2,4.09,148.48,160.75
AAPL,2023-03-03,148.04,151.11,147.33,151.03,70732300,bullish_candle,2.99,3.78,147.52,0.79,2.38,1.32,54807312.0,bullish_trend,strong_bullish_move,2.5,1.76,153.79,2023-03-06,1:2,2.71,151.08,159.21
AAPL,2023-03-16,152.16,156.46,151.64,155.85,76254419,bullish_candle,3.69,4.82,152.08,0.77,2.48,2.23,76029548.0,bullish_trend,strong_bullish_move,3.09,2.12,156.08,2023-03-17,1:2,3.31,152.77,162.7
AAPL,2023-03-31,162.44,165.0,161.91,164.9,68749800,bullish_candle,2.46,3.09,160.79,0.8,2.56,1.33,53587940.0,bullish_trend,strong_bullish_move,1.87,1.93,164.27,2023-04-03,1:2,3.17,161.1,170.61
AAPL,2023-04-13,161.63,165.8,161.42,165.56,68445649,bullish_candle,3.93,4.38,162.63,0.9,1.8,1.89,51865998.0,bullish_trend,strong_bullish_move,2.65,1.51,164.59,2023-04-14,1:2,2.49,162.1,169.57
AAPL,2023-04-27,165.19,168.56,165.19,168.41,64902329,bullish_candle,3.22,3.37,165.26,0.96,1.91,1.14,51880434.0,bullish_trend,strong_bullish_move,2.0,1.43,168.49,2023-04-28,1:2,2.41,166.08,173.31
AAPL,2023-05-05,170.98,174.3,170.76,173.57,113453200,bullish_candle,2.59,3.54,168.99,0.73,2.71,1.48,72144656.0,bullish_trend,strong_bullish_move,2.04,1.51,172.48,2023-05-08,1:2,2.6,169.88,177.68
AAPL,2023-06-01,177.7,180.12,176.93,180.09,68901809,bullish_candle,2.39,3.19,176.61,0.75,1.97,1.1,67076962.0,bullish_trend,strong_bullish_move,1.77,1.27,181.03,2023-06-02,1:2,2.3,178.73,185.63
AAPL,2023-07-17,191.9,194.32,191.81,193.99,50520200,bullish_candle,2.09,2.51,190.61,0.83,1.77,0.75,48173429.0,bullish_trend,strong_bullish_move,1.29,1.25,193.35,2023-07-18,1:2,2.42,190.93,198.19
AAPL,2023-08-29,179.7,184.9,179.5,184.12,53003948,bullish_candle,4.42,5.4,180.08,0.82,2.24,2.53,51188570.0,bullish_trend,strong_bullish_move,2.93,1.69,184.94,2023-08-30,1:2,3.13,181.81,191.2
AAPL,2023-10-06,173.8,177.99,173.18,177.49,57266700,bullish_candle,3.69,4.81,174.44,0.77,1.75,2.01,52114813.0,bullish_trend,strong_bullish_move,2.71,1.92,176.81,2023-10-09,1:2,3.39,173.42,183.59
AAPL,2024-01-18,186.09,189.14,185.83,188.63,78005800,bullish_candle,2.54,3.31,185.29,0.77,1.8,1.3,56106496.0,bullish_trend,strong_bullish_move,1.75,1.51,189.33,2024-01-19,1:2,2.86,186.47,195.05
AAPL,2024-04-11,168.34,175.46,168.16,175.04,91070300,bullish_candle,6.7,7.3,170.1,0.92,2.9,1.86,52552237.0,bullish_trend,strong_bullish_move,4.17,1.42,174.26,2024-04-12,1:2,2.47,171.79,179.2
AAPL,2024-06-11,193.65,207.16,193.63,207.15,172373300,bullish_candle,13.5,13.53,197.5,1.0,4.89,4.24,83615578.0,bullish_trend,strong_bullish_move,6.53,1.86,207.37,2024-06-12,1:2,3.86,203.51,215.09
AAPL,2024-07-10,229.3,233.08,229.25,232.98,62627700,bullish_candle,3.68,3.83,227.47,0.96,2.42,2.28,53533126.0,bullish_trend,strong_bullish_move,1.64,2.05,231.39,2024-07-11,1:2,4.74,226.65,240.87
AAPL,2024-09-19,224.99,229.82,224.63,228.87,66781315,bullish_candle,3.88,5.19,221.03,0.75,3.55,1.87,53663926.0,bullish_trend,strong_bullish_move,2.27,1.96,229.97,2024-09-20,1:2,4.51,225.46,238.99
AAPL,2024-09-30,230.04,233.0,229.65,233.0,54793391,bullish_candle,2.96,3.35,228.41,0.88,2.01,1.31,42264183.0,bullish_trend,strong_bullish_move,1.44,1.64,229.52,2024-10-01,1:2,3.76,225.76,237.04
AAPL,2024-12-17,250.08,253.83,249.78,253.48,51356400,bullish_candle,3.4,4.05,249.42,0.84,1.63,1.86,42837969.0,bullish_trend,strong_bullish_move,1.6,1.39,252.16,2024-12-18,1:2,3.51,248.65,259.18
AAPL,2025-01-27,224.02,232.15,223.98,229.86,94863418,bullish_candle,5.84,8.17,224.55,0.71,2.36,2.86,74398611.0,bullish_trend,strong_bullish_move,3.55,2.24,230.85,2025-01-28,1:2,5.17,225.68,241.19
AAPL,2025-01-28,230.85,240.19,230.81,238.26,75707600,bullish_candle,7.41,9.38,227.68,0.79,4.65,4.07,69926045.0,bullish_trend,strong_bullish_move,3.94,2.4,234.12,2025-01-29,1:2,5.62,228.5,245.36
AAPL,2025-03-21,211.56,218.84,211.28,218.27,94127800,bullish_candle,6.71,7.56,214.86,0.89,1.59,2.0,57576400.0,bullish_trend,strong_bullish_move,3.46,2.92,221.0,2025-03-24,1:2,6.45,214.55,233.9
AAPL,2025-04-09,171.95,200.61,171.89,198.85,184395900,bullish_candle,26.9,28.72,188.86,0.94,5.29,10.66,139010324.0,bullish_trend,strong_bullish_move,14.44,4.92,189.07,2025-04-10,1:2,9.3,179.77,207.67
AAPL,2025-08-06,205.63,215.38,205.59,213.25,108483103,bullish_candle,7.62,9.79,205.89,0.78,3.57,3.73,82576087.0,bullish_trend,strong_bullish_move,4.59,2.06,218.88,2025-08-07,1:2,4.51,214.37,227.9
AAPL,2025-08-08,220.83,231.0,219.25,229.35,113854000,bullish_candle,8.52,11.75,213.78,0.73,7.28,3.79,86365267.0,bullish_trend,strong_bullish_move,5.12,2.35,227.92,2025-08-11,1:2,5.36,222.56,238.64
AAPL,2025-09-19,241.23,246.3,240.21,245.5,163741314,bullish_candle,4.27,6.09,239.44,0.7,2.53,1.53,72123911.0,bullish_trend,strong_bullish_move,2.48,1.83,248.3,2025-09-22,1:2,4.54,243.76,257.38
AAPL,2025-09-22,248.3,256.64,248.12,256.08,105517416,bullish_candle,7.78,8.52,243.32,0.91,5.24,3.03,84687489.0,bullish_trend,strong_bullish_move,3.33,1.95,255.88,2025-09-23,1:2,4.99,250.89,265.86
AAPL,2025-10-20,255.89,264.38,255.63,262.24,90483029,bullish_candle,6.35,8.75,251.82,0.73,4.14,2.55,49755728.0,bullish_trend,strong_bullish_move,3.34,1.98,261.88,2025-10-21,1:2,5.19,256.69,272.26
AAPL,2025-10-27,264.88,269.12,264.65,268.81,44888200,bullish_candle,3.93,4.47,262.49,0.88,2.41,2.2,41521621.0,bullish_trend,strong_bullish_move,1.66,2.08,268.99,2025-10-28,1:2,5.59,263.4,280.17
AAPL,2025-11-11,269.81,275.91,269.8,275.25,46208318,bullish_candle,5.44,6.11,270.61,0.89,1.71,2.13,46127055.0,bullish_trend,strong_bullish_move,2.22,1.82,275.0,2025-11-12,1:2,5.0,270.0,285.0
AAPL,2025-12-01,278.01,283.42,276.14,283.1,46587722,bullish_candle,5.09,7.28,278.48,0.7,1.66,2.8,42530957.0,bullish_trend,strong_bullish_move,2.57,2.08,283.0,2025-12-02,1:2,5.89,277.11,294.78
AAPL,2026-02-02,260.03,270.49,259.21,270.01,73913425,bullish_candle,9.98,11.28,260.5,0.88,3.65,3.34,64909228.0,bullish_trend,strong_bullish_move,4.18,2.31,269.2,2026-02-03,1:2,6.22,262.98,281.64
AAPL,2026-04-15,258.16,266.56,257.81,266.43,49913510,bullish_candle,8.27,8.75,261.09,0.95,2.05,2.24,38786404.0,bullish_trend,strong_bullish_move,3.28,2.24,266.8,2026-04-16,1:2,5.98,260.82,278.76
AAPL,2026-05-13,293.5,300.92,293.5,298.87,52684300,bullish_candle,5.37,7.42,293.42,0.72,1.86,2.69,47719366.0,bullish_trend,strong_bullish_move,2.48,1.97,299.82,2026-05-14,1:2,5.91,293.91,311.64
MSFT,2021-07-02,272.82,278.0,272.5,277.65,26474408,bullish_candle,4.83,5.5,272.05,0.88,2.06,2.42,20876813.0,bullish_trend,strong_bullish_move,1.98,1.35,278.03,2021-07-06,1:2,3.75,274.28,285.53
MSFT,2021-10-14,299.21,303.27,297.83,302.75,27262902,bullish_candle,3.54,5.44,296.2,0.65,2.21,2.02,21129081.0,bullish_trend,strong_bullish_move,1.8,1.86,302.34,2021-10-15,1:2,5.62,296.72,313.58
MSFT,2021-10-27,316.0,326.1,316.0,323.17,52588700,bullish_candle,7.17,10.1,312.27,0.71,3.49,2.82,26523596.0,bullish_trend,strong_bullish_move,3.13,1.41,324.33,2021-10-28,1:2,4.57,319.76,333.47
MSFT,2021-10-29,324.13,332.0,323.9,331.62,34766000,bullish_candle,7.49,8.1,319.48,0.92,3.8,3.36,31862898.0,bullish_trend,strong_bullish_move,2.44,1.46,331.36,2021-11-01,1:2,4.84,326.52,341.04
MSFT,2021-12-10,334.98,343.0,334.79,342.54,38095700,bullish_candle,7.56,8.21,334.34,0.92,2.45,2.95,29225087.0,bullish_trend,strong_bullish_move,2.4,2.25,340.68,2021-12-13,1:2,7.67,333.01,356.02
MSFT,2022-02-24,272.51,295.16,271.52,294.59,56989700,bullish_candle,22.08,23.64,288.25,0.93,2.2,9.09,40652525.0,bullish_trend,strong_bullish_move,8.02,2.86,295.14,2022-02-25,1:2,8.44,286.7,312.02
MSFT,2022-03-28,304.33,310.8,304.33,310.7,29578200,bullish_candle,6.37,6.47,304.41,0.98,2.07,3.63,25988860.0,bullish_trend,strong_bullish_move,2.08,2.56,313.91,2022-03-29,1:2,8.04,305.87,329.99
MSFT,2022-06-24,261.81,267.98,261.72,267.7,33923231,bullish_candle,5.89,6.26,256.22,0.94,4.48,3.37,31751799.0,bullish_trend,strong_bullish_move,2.34,2.48,268.21,2022-06-27,1:2,6.65,261.56,281.51
MSFT,2022-10-13,219.85,236.1,219.13,234.24,42551818,bullish_candle,14.39,16.97,229.78,0.85,1.94,5.48,32488593.0,bullish_trend,strong_bullish_move,7.24,2.95,235.54,2022-10-14,1:2,6.95,228.59,249.44
MSFT,2022-10-21,234.74,243.0,234.5,242.12,26299733,bullish_candle,7.38,8.5,238.16,0.87,1.66,2.95,24513670.0,bullish_trend,strong_bullish_move,3.51,3.01,243.76,2022-10-24,1:2,7.34,236.42,258.44
MSFT,2022-11-10,235.43,243.33,235.0,242.98,46268021,bullish_candle,7.55,8.33,229.12,0.91,6.05,4.06,34520116.0,bullish_trend,strong_bullish_move,3.43,3.17,242.99,2022-11-11,1:2,7.7,235.29,258.39
MSFT,2022-11-30,240.57,255.33,239.86,255.14,47594239,bullish_candle,14.57,15.47,246.46,0.94,3.52,4.52,23814025.0,bullish_trend,strong_bullish_move,6.06,2.32,253.87,2022-12-01,1:2,5.89,247.98,265.65
MSFT,2022-12-12,247.45,252.54,247.17,252.51,30665100,bullish_candle,5.06,5.37,246.96,0.94,2.25,2.9,23366378.0,bullish_trend,strong_bullish_move,2.13,2.33,261.69,2022-12-13,1:2,6.1,255.59,273.89
MSFT,2023-02-02,258.82,264.69,257.25,264.6,39940437,bullish_candle,5.78,7.44,251.21,0.78,5.33,3.5,30021558.0,bullish_trend,strong_bullish_move,2.81,2.41,259.54,2023-02-03,1:2,6.25,253.29,272.04
MSFT,2023-02-07,260.53,268.77,260.08,267.56,50841400,bullish_candle,7.03,8.69,260.01,0.81,2.9,3.88,34727410.0,bullish_trend,strong_bullish_move,3.25,2.48,273.2,2023-02-08,1:2,6.78,266.42,286.76
MSFT,2023-03-16,265.21,276.56,263.28,276.2,54832140,bullish_candle,10.99,13.28,260.99,0.83,5.83,5.9,39230828.0,bullish_trend,strong_bullish_move,4.81,2.35,278.26,2023-03-17,1:2,6.54,271.72,291.34
MSFT,2023-03-31,283.73,289.27,283.0,288.3,32766000,bullish_candle,4.57,6.27,280.89,0.73,2.64,2.2,26325060.0,bullish_trend,strong_bullish_move,2.17,2.28,286.52,2023-04-03,1:2,6.53,279.99,299.58
MSFT,2023-04-27,295.97,305.2,295.25,304.83,46462638,bullish_candle,8.86,9.95,288.63,0.89,5.61,3.07,41024298.0,bullish_trend,strong_bullish_move,3.26,1.9,304.01,2023-04-28,1:2,5.78,298.23,315.57
MSFT,2023-05-18,314.53,319.04,313.72,318.52,27276000,bullish_candle,3.99,5.32,312.54,0.75,1.91,1.91,22886521.0,bullish_trend,strong_bullish_move,1.67,1.44,316.74,2023-05-19,1:2,4.56,312.18,325.86
MSFT,2023-05-26,324.02,333.4,323.88,332.89,36630633,bullish_candle,8.87,9.52,321.82,0.93,3.44,3.96,31646035.0,bullish_trend,strong_bullish_move,2.86,1.53,335.23,2023-05-30,1:2,5.13,330.1,345.49
MSFT,2023-06-15,337.48,349.84,337.2,348.1,38899100,bullish_candle,10.62,12.64,335.67,0.84,3.7,3.77,26937991.0,bullish_trend,strong_bullish_move,3.63,2.09,351.32,2023-06-16,1:2,7.34,343.98,366.0
MSFT,2023-10-06,316.55,329.19,316.3,327.26,25673630,bullish_candle,10.71,12.89,320.15,0.83,2.22,5.77,20992582.0,bullish_trend,strong_bullish_move,3.94,2.11,324.75,2023-10-09,1:2,6.85,317.9,338.45
MSFT,2023-11-10,361.49,370.1,361.07,369.67,28065164,bullish_candle,8.18,9.03,362.12,0.91,2.08,3.1,25868511.0,bullish_trend,strong_bullish_move,2.44,1.92,368.22,2023-11-13,1:2,7.07,361.15,382.36
MSFT,2023-11-16,370.96,376.35,370.18,376.17,27182315,bullish_candle,5.21,6.17,370.49,0.84,1.53,3.46,25955597.0,bullish_trend,strong_bullish_move,1.64,1.52,373.61,2023-11-17,1:2,5.68,367.93,384.97
MSFT,2024-01-10,376.37,384.17,376.32,382.77,25514245,bullish_candle,6.4,7.85,373.79,0.82,2.4,3.9,22276869.0,bullish_trend,strong_bullish_move,2.05,1.3,386.0,2024-01-11,1:2,5.02,380.98,396.04
MSFT,2024-02-09,415.25,420.82,415.09,420.55,22032844,bullish_candle,5.3,5.73,411.97,0.92,2.08,3.32,21866719.0,bullish_trend,strong_bullish_move,1.36,1.63,420.56,2024-02-12,1:2,6.86,413.7,434.28
MSFT,2024-03-12,407.62,415.57,406.79,415.28,22457003,bullish_candle,7.66,8.78,407.45,0.87,1.92,2.81,19528530.0,bullish_trend,strong_bullish_move,2.11,1.57,418.1,2024-03-13,1:2,6.56,411.54,431.22
MSFT,2024-09-10,408.2,416.33,407.7,414.2,19594300,bullish_candle,6.0,8.63,407.78,0.7,1.57,3.73,16766056.0,bullish_trend,strong_bullish_move,2.08,1.91,415.5,2024-09-11,1:2,7.94,407.56,431.38
MSFT,2024-10-22,418.49,430.58,418.04,427.51,25482200,bullish_candle,9.02,12.54,419.46,0.72,1.92,3.86,17432514.0,bullish_trend,strong_bullish_move,2.93,1.5,430.86,2024-10-23,1:2,6.46,424.4,443.78
MSFT,2024-11-26,419.59,429.04,418.85,427.99,23458900,bullish_candle,8.4,10.19,418.43,0.82,2.28,4.49,23187305.0,bullish_trend,strong_bullish_move,2.38,1.83,425.11,2024-11-27,1:2,7.78,417.33,440.67
MSFT,2025-01-22,437.56,447.27,436.0,446.2,27803811,bullish_candle,8.64,11.27,430.92,0.77,3.55,5.34,23004976.0,bullish_trend,strong_bullish_move,2.53,1.83,442.0,2025-01-23,1:2,8.09,433.91,458.18
MSFT,2025-04-09,353.54,393.23,353.1,390.49,50199700,bullish_candle,36.95,40.13,367.17,0.92,6.35,12.72,43180304.0,bullish_trend,strong_bullish_move,10.28,3.48,382.06,2025-04-10,1:2,13.3,368.76,408.66
MSFT,2025-04-24,375.7,388.45,375.19,387.3,22232300,bullish_candle,11.6,13.26,371.08,0.87,4.37,5.28,20838065.0,bullish_trend,strong_bullish_move,3.42,3.99,387.0,2025-04-25,1:2,15.44,371.56,417.88
MSFT,2025-10-06,518.61,531.03,518.2,528.57,21388600,bullish_candle,9.96,12.83,519.86,0.78,1.68,4.35,20016877.0,bullish_trend,strong_bullish_move,2.43,1.45,528.29,2025-10-07,1:2,7.66,520.63,543.61
MSFT,2026-01-23,451.87,471.1,450.53,465.95,38000200,bullish_candle,14.08,20.57,455.12,0.68,2.38,6.28,32341362.0,bullish_trend,strong_bullish_move,4.41,2.04,465.31,2026-01-26,1:2,9.49,455.82,484.29
MSFT,2026-02-25,390.53,401.47,390.16,400.6,43625500,bullish_candle,10.07,11.31,393.95,0.89,1.69,5.76,36599550.0,bullish_trend,strong_bullish_move,2.82,2.45,404.71,2026-02-26,1:2,9.92,394.79,424.55
MSFT,2026-04-13,373.61,384.54,371.02,384.37,35745800,bullish_candle,10.76,13.52,374.99,0.8,2.5,5.21,29760079.0,bullish_trend,strong_bullish_move,3.52,2.25,387.92,2026-04-14,1:2,8.73,379.19,405.38
MSFT,2026-04-15,398.0,414.37,396.73,411.22,45063400,bullish_candle,13.22,17.64,386.53,0.75,6.39,6.37,35372026.0,bullish_trend,strong_bullish_move,4.29,2.36,419.86,2026-04-16,1:2,9.91,409.95,439.68
NVDA,2021-06-11,17.48,17.94,17.44,17.83,416308000,bullish_candle,0.35,0.5,17.54,0.7,1.65,0.14,397068296.0,bullish_trend,strong_bullish_move,2.8,3.11,17.91,2021-06-14,1:2,0.56,17.35,19.03
NVDA,2021-06-17,17.77,18.84,17.76,18.66,809656000,bullish_candle,0.89,1.08,18.02,0.82,3.55,0.3,419499200.0,bullish_trend,strong_bullish_move,5.79,3.05,18.78,2021-06-18,1:2,0.57,18.21,19.92
NVDA,2021-06-28,19.36,20.08,19.32,19.99,495436560,bullish_candle,0.63,0.76,19.24,0.83,3.9,0.27,401445816.0,bullish_trend,strong_bullish_move,3.8,2.75,19.88,2021-06-29,1:2,0.55,19.33,20.98
NVDA,2021-08-20,19.99,20.87,19.93,20.82,675741310,bullish_candle,0.83,0.94,19.81,0.88,5.1,0.4,428789518.0,bullish_trend,strong_bullish_move,4.51,3.31,20.97,2021-08-23,1:2,0.69,20.28,22.35
NVDA,2021-08-23,20.97,22.0,20.95,21.96,575807000,bullish_candle,0.99,1.05,20.22,0.94,8.61,0.56,501720358.0,bullish_trend,strong_bullish_move,4.78,3.29,21.75,2021-08-24,1:2,0.72,21.03,23.19
NVDA,2021-10-14,21.29,21.76,21.12,21.75,243589000,bullish_candle,0.46,0.64,20.98,0.72,3.67,0.21,180204200.0,bullish_trend,strong_bullish_move,2.94,2.77,21.81,2021-10-15,1:2,0.6,21.21,23.01
NVDA,2021-10-21,22.1,22.71,22.08,22.69,187590320,bullish_candle,0.59,0.63,22.23,0.94,2.07,0.26,182365524.0,bullish_trend,strong_bullish_move,2.78,2.55,22.82,2021-10-22,1:2,0.58,22.24,23.98
NVDA,2021-11-02,25.82,26.68,25.8,26.4,294112390,bullish_candle,0.58,0.88,25.44,0.66,3.77,0.28,266509940.0,bullish_trend,strong_bullish_move,3.33,2.68,26.67,2021-11-03,1:2,0.71,25.96,28.09
NVDA,2022-02-09,25.62,26.73,25.35,26.71,524282000,bullish_candle,1.09,1.38,24.96,0.79,7.01,0.61,415303200.0,bullish_trend,strong_bullish_move,5.17,6.18,26.0,2022-02-10,1:2,1.61,24.39,29.22
NVDA,2022-02-15,24.95,26.55,24.78,26.5,701752800,bullish_candle,1.55,1.77,25.45,0.88,4.13,1.03,557026246.0,bullish_trend,strong_bullish_move,6.68,5.97,26.26,2022-02-16,1:2,1.57,24.69,29.4
NVDA,2022-03-15,21.52,23.04,21.32,22.97,491996000,bullish_candle,1.45,1.72,22.41,0.84,2.5,0.73,433073448.0,bullish_trend,strong_bullish_move,7.49,5.7,23.5,2022-03-16,1:2,1.34,22.16,26.18
NVDA,2022-03-18,24.8,26.57,24.62,26.45,730719000,bullish_candle,1.65,1.95,24.0,0.85,10.21,1.06,550286486.0,bullish_trend,strong_bullish_move,7.37,5.5,26.51,2022-03-21,1:2,1.46,25.05,29.43
NVDA,2022-03-24,26.17,28.32,25.91,28.15,877379140,bullish_candle,1.98,2.41,26.7,0.82,5.43,0.91,649790464.0,bullish_trend,strong_bullish_move,8.56,5.73,27.89,2022-03-25,1:2,1.6,26.29,31.09
NVDA,2022-05-26,16.04,18.09,16.02,17.85,996575000,bullish_candle,1.81,2.07,16.91,0.87,5.56,0.88,749050256.0,bullish_trend,strong_bullish_move,11.6,6.85,18.19,2022-05-27,1:2,1.25,16.94,20.69
NVDA,2022-07-20,16.95,17.93,16.8,17.81,760538000,bullish_candle,0.86,1.13,16.41,0.76,8.53,0.38,595118400.0,bullish_trend,strong_bullish_move,6.34,4.55,17.89,2022-07-21,1:2,0.81,17.08,19.51
NVDA,2022-07-27,17.03,17.94,16.91,17.79,569776230,bullish_candle,0.76,1.03,17.34,0.74,2.6,0.37,508421902.0,bullish_trend,strong_bullish_move,5.79,4.33,17.98,2022-07-28,1:2,0.78,17.2,19.54
NVDA,2022-08-25,16.84,17.95,16.83,17.91,770691330,bullish_candle,1.07,1.12,17.44,0.96,2.69,0.5,502903932.0,bullish_trend,strong_bullish_move,6.25,3.98,17.86,2022-08-26,1:2,0.71,17.15,19.28
NVDA,2022-10-13,10.97,12.08,10.81,11.96,850103010,bullish_candle,0.99,1.27,11.76,0.78,1.7,0.38,676270522.0,bullish_trend,strong_bullish_move,10.62,4.81,12.06,2022-10-14,1:2,0.58,11.48,13.22
NVDA,2022-11-10,14.8,15.77,14.55,15.75,700819250,bullish_candle,0.95,1.22,14.52,0.78,8.47,0.35,554632450.0,bullish_trend,strong_bullish_move,7.75,4.98,15.81,2022-11-11,1:2,0.79,15.02,17.39
NVDA,2022-11-30,15.7,16.93,15.6,16.92,565298220,bullish_candle,1.22,1.33,16.24,0.92,4.19,0.42,352602004.0,bullish_trend,strong_bullish_move,7.86,4.44,17.0,2022-12-01,1:2,0.75,16.25,18.5
NVDA,2022-12-08,16.27,17.18,15.96,17.17,515456000,bullish_candle,0.9,1.22,16.55,0.74,3.75,0.42,392836488.0,bullish_trend,strong_bullish_move,7.11,4.16,17.16,2022-12-09,1:2,0.71,16.45,18.58
NVDA,2023-01-17,16.9,17.73,16.9,17.7,511102160,bullish_candle,0.8,0.83,16.6,0.96,6.63,0.48,449436908.0,bullish_trend,strong_bullish_move,4.69,4.56,17.67,2023-01-18,1:2,0.81,16.86,19.29
NVDA,2023-01-23,18.06,19.25,17.82,19.19,655163000,bullish_candle,1.13,1.43,17.78,0.79,7.93,0.66,524757656.0,bullish_trend,strong_bullish_move,7.45,4.81,18.83,2023-01-24,1:2,0.91,17.92,20.65
NVDA,2023-01-27,19.46,20.63,19.41,20.36,542142000,bullish_candle,0.9,1.22,19.59,0.74,3.93,0.6,526516326.0,bullish_trend,strong_bullish_move,5.99,4.68,19.95,2023-01-30,1:2,0.93,19.02,21.81
NVDA,2023-02-01,19.69,21.19,19.61,20.94,660477040,bullish_candle,1.25,1.58,19.96,0.79,4.91,0.68,535756522.0,bullish_trend,strong_bullish_move,7.55,5.01,21.0,2023-02-02,1:2,1.05,19.95,23.1
NVDA,2023-02-14,21.58,23.05,21.37,22.97,675474000,bullish_candle,1.39,1.68,22.12,0.83,3.84,0.5,556931444.0,bullish_trend,strong_bullish_move,7.31,5.16,22.55,2023-02-15,1:2,1.16,21.39,24.87
NVDA,2023-03-16,24.03,25.59,23.89,25.54,584946260,bullish_candle,1.51,1.7,23.95,0.89,6.64,0.64,496219742.0,bullish_trend,strong_bullish_move,6.66,3.7,25.98,2023-03-17,1:2,0.96,25.02,27.9
NVDA,2023-03-31,27.14,27.83,27.11,27.78,433933000,bullish_candle,0.64,0.72,27.02,0.89,2.81,0.26,381854600.0,bullish_trend,strong_bullish_move,2.59,3.26,27.51,2023-04-03,1:2,0.9,26.61,29.31
NVDA,2023-04-03,27.51,28.0,27.34,27.97,398716000,bullish_candle,0.46,0.66,27.3,0.7,2.45,0.29,389392600.0,bullish_trend,strong_bullish_move,2.36,3.2,27.97,2023-04-04,1:2,0.9,27.07,29.77
NVDA,2023-05-01,27.84,29.06,27.78,28.91,570329000,bullish_candle,1.07,1.28,27.42,0.84,5.43,0.52,404914098.0,bullish_trend,strong_bullish_move,4.43,2.89,28.68,2023-05-02,1:2,0.83,27.85,30.34
NVDA,2023-05-17,29.58,30.2,29.43,30.18,432535410,bullish_candle,0.6,0.77,29.05,0.78,3.89,0.38,354447538.0,bullish_trend,strong_bullish_move,2.55,2.84,30.41,2023-05-18,1:2,0.86,29.55,32.13
NVDA,2023-05-18,30.41,31.83,30.32,31.68,748725010,bullish_candle,1.27,1.51,29.67,0.84,6.77,0.57,439762734.0,bullish_trend,strong_bullish_move,4.77,3.0,31.54,2023-05-19,1:2,0.95,30.59,33.44
NVDA,2023-06-14,40.82,43.0,40.55,43.0,740465020,bullish_candle,2.18,2.45,40.16,0.89,7.07,0.87,517767280.0,bullish_trend,strong_bullish_move,5.7,4.24,42.6,2023-06-15,1:2,1.81,40.79,46.22
NVDA,2023-07-12,43.03,43.94,42.78,43.9,481277020,bullish_candle,0.87,1.16,42.62,0.75,3.0,0.37,358689890.0,bullish_trend,strong_bullish_move,2.64,2.76,44.52,2023-07-13,1:2,1.23,43.29,46.98
NVDA,2023-07-13,44.52,46.16,44.49,45.98,478204000,bullish_candle,1.46,1.67,43.39,0.87,5.97,0.61,393502932.0,bullish_trend,strong_bullish_move,3.63,2.82,46.58,2023-07-14,1:2,1.31,45.27,49.2
NVDA,2023-08-14,40.49,43.8,40.31,43.75,690286000,bullish_candle,3.26,3.49,42.84,0.93,2.12,1.26,531273812.0,bullish_trend,strong_bullish_move,7.98,3.42,44.56,2023-08-15,1:2,1.52,43.04,47.6
NVDA,2023-08-21,44.49,47.07,44.22,46.97,692573370,bullish_candle,2.48,2.85,44.21,0.87,6.24,1.08,586539874.0,bullish_trend,strong_bullish_move,6.07,4.0,48.14,2023-08-22,1:2,1.93,46.21,52.0
NVDA,2023-10-06,44.19,45.79,44.03,45.76,434436020,bullish_candle,1.57,1.76,44.56,0.89,2.69,0.91,418777664.0,bullish_trend,strong_bullish_move,3.85,2.88,44.84,2023-10-09,1:2,1.29,43.55,47.42
NVDA,2023-11-10,47.5,48.47,47.28,48.34,422441560,bullish_candle,0.84,1.19,46.71,0.71,3.49,0.51,410711076.0,bullish_trend,strong_bullish_move,2.46,3.2,48.32,2023-11-13,1:2,1.55,46.77,51.42
NVDA,2023-11-20,49.31,50.55,49.18,50.41,416142600,bullish_candle,1.1,1.37,49.55,0.8,1.74,0.64,394849420.0,bullish_trend,strong_bullish_move,2.72,2.53,50.13,2023-11-21,1:2,1.27,48.86,52.67
NVDA,2024-01-08,49.51,52.28,49.48,52.25,642510000,bullish_candle,2.74,2.8,49.02,0.98,6.59,0.95,419246932.0,bullish_trend,strong_bullish_move,5.36,2.33,52.4,2024-01-09,1:2,1.22,51.18,54.84
NVDA,2024-01-19,57.99,59.5,57.23,59.49,543501480,bullish_candle,1.5,2.27,56.75,0.66,4.83,0.68,462424056.0,bullish_trend,strong_bullish_move,3.82,3.01,60.05,2024-01-22,1:2,1.81,58.24,63.67
NVDA,2024-02-02,63.97,66.6,63.69,66.16,476578000,bullish_candle,2.19,2.91,63.19,0.75,4.7,0.92,411797460.0,bullish_trend,strong_bullish_move,4.4,2.92,68.22,2024-02-05,1:2,1.99,66.23,72.2
NVDA,2024-02-22,75.03,78.58,74.22,78.54,865100000,bullish_candle,3.51,4.36,72.15,0.81,8.86,1.85,635136046.0,bullish_trend,strong_bullish_move,5.55,3.9,80.79,2024-02-23,1:2,3.15,77.64,87.09
NVDA,2024-03-01,80.0,82.3,79.44,82.28,479135100,bullish_candle,2.28,2.86,79.37,0.8,3.67,0.73,455042548.0,bullish_trend,strong_bullish_move,3.48,3.79,84.13,2024-03-04,1:2,3.19,80.94,90.51
NVDA,2024-03-07,90.16,92.77,89.6,92.67,608119160,bullish_candle,2.51,3.17,86.97,0.79,6.55,1.45,561206062.0,bullish_trend,strong_bullish_move,3.42,3.72,95.14,2024-03-08,1:2,3.54,91.6,102.22
NVDA,2024-03-22,91.14,94.78,90.83,94.29,586719360,bullish_candle,3.15,3.95,90.79,0.8,3.86,1.84,577460388.0,bullish_trend,strong_bullish_move,4.19,4.77,93.94,2024-03-25,1:2,4.48,89.46,102.9
NVDA,2024-05-15,92.47,94.86,91.6,94.63,417735450,bullish_candle,2.16,3.26,91.0,0.66,3.99,1.24,343452222.0,bullish_trend,strong_bullish_move,3.44,3.33,94.91,2024-05-16,1:2,3.16,91.75,101.23
NVDA,2024-05-28,110.24,114.94,109.88,113.9,652728000,bullish_candle,3.66,5.06,102.9,0.72,10.69,1.95,558976348.0,bullish_trend,strong_bullish_move,4.44,2.94,113.05,2024-05-29,1:2,3.32,109.73,119.69
NVDA,2024-06-05,118.37,122.45,117.47,122.44,528402000,bullish_candle,4.07,4.98,114.8,0.82,6.66,2.64,494146268.0,bullish_trend,strong_bullish_move,4.07,3.44,124.05,2024-06-06,1:2,4.27,119.78,132.59
NVDA,2024-06-18,131.14,136.33,130.69,135.58,294335100,bullish_candle,4.44,5.64,130.65,0.79,3.77,2.15,290491896.0,bullish_trend,strong_bullish_move,4.16,3.82,139.8,2024-06-20,1:2,5.34,134.46,150.48
NVDA,2024-08-15,118.76,123.24,117.47,122.86,318086700,bullish_candle,4.1,5.77,114.17,0.71,7.61,2.37,317276781.0,bullish_trend,strong_bullish_move,4.7,6.88,121.94,2024-08-16,1:2,8.39,113.55,138.72
NVDA,2024-08-19,124.28,130.0,123.42,130.0,318333600,bullish_candle,5.72,6.58,122.33,0.87,6.27,3.32,318180661.0,bullish_trend,strong_bullish_move,5.06,6.49,128.4,2024-08-20,1:2,8.33,120.07,145.06
NVDA,2024-09-11,109.39,117.19,107.42,116.91,441422400,bullish_candle,7.52,9.77,108.3,0.77,7.95,3.37,340821390.0,bullish_trend,strong_bullish_move,8.36,5.55,116.84,2024-09-12,1:2,6.48,110.36,129.8
NVDA,2024-09-24,116.52,121.8,115.38,120.87,354966800,bullish_candle,4.35,6.42,116.87,0.68,3.42,1.75,309496621.0,bullish_trend,strong_bullish_move,5.31,3.99,122.02,2024-09-25,1:2,4.87,117.15,131.76
NVDA,2024-11-19,141.32,147.13,140.99,147.01,227834912,bullish_candle,5.69,6.14,144.43,0.93,1.79,2.58,217240081.0,bullish_trend,strong_bullish_move,4.18,2.85,147.41,2024-11-20,1:2,4.2,143.21,155.81
NVDA,2024-12-20,129.81,135.28,128.22,134.7,306528600,bullish_candle,4.89,7.06,131.34,0.69,2.56,2.88,258210755.0,bullish_trend,strong_bullish_move,5.24,3.65,136.28,2024-12-23,1:2,4.97,131.31,146.22
NVDA,2025-01-03,140.01,144.9,139.73,144.47,229322500,bullish_candle,4.46,5.17,138.31,0.86,4.45,2.94,184309243.0,bullish_trend,strong_bullish_move,3.58,3.75,148.59,2025-01-06,1:2,5.57,143.02,159.73
NVDA,2025-02-13,131.56,136.5,131.17,135.29,197430000,bullish_candle,3.73,5.33,132.53,0.7,2.08,1.83,196357280.0,bullish_trend,strong_bullish_move,3.94,4.97,136.48,2025-02-14,1:2,6.78,129.7,150.04
NVDA,2025-04-09,98.89,115.1,97.53,114.33,612918336,bullish_candle,15.44,17.57,100.88,0.88,13.33,7.89,514249261.0,bullish_trend,strong_bullish_move,15.37,6.34,109.37,2025-04-10,1:2,6.93,102.44,123.23
NVDA,2025-04-25,106.85,111.92,105.73,111.01,251064700,bullish_candle,4.16,6.19,103.19,0.67,7.58,2.18,249782335.0,bullish_trend,strong_bullish_move,5.58,6.7,109.69,2025-04-28,1:2,7.35,102.34,124.39
NVDA,2025-05-07,113.05,117.68,112.28,117.06,207827821,bullish_candle,4.01,5.4,114.11,0.74,2.59,1.75,185166598.0,bullish_trend,strong_bullish_move,4.61,3.49,118.25,2025-05-08,1:2,4.13,114.12,126.51
NVDA,2025-05-13,124.98,131.22,124.47,129.93,330430105,bullish_candle,4.95,6.75,120.8,0.73,7.56,2.31,218936319.0,bullish_trend,strong_bullish_move,5.2,3.36,133.2,2025-05-14,1:2,4.48,128.72,142.16
NVDA,2025-06-24,145.56,147.96,145.5,147.9,187566121,bullish_candle,2.34,2.46,145.1,0.95,1.93,1.49,177086677.0,bullish_trend,strong_bullish_move,1.66,2.01,149.27,2025-06-25,1:2,3.0,146.27,155.27
NVDA,2025-06-25,149.27,154.45,149.26,154.31,269146500,bullish_candle,5.04,5.19,147.14,0.97,4.87,2.42,203094377.0,bullish_trend,strong_bullish_move,3.36,2.1,155.98,2025-06-26,1:2,3.28,152.7,162.54
NVDA,2025-09-22,175.3,184.55,174.71,183.61,269637001,bullish_candle,8.31,9.84,176.34,0.84,4.12,3.19,210232815.0,bullish_trend,strong_bullish_move,5.36,2.36,181.97,2025-09-23,1:2,4.29,177.68,190.55
NVDA,2025-09-30,182.08,187.35,181.48,186.58,236981032,bullish_candle,4.5,5.87,180.26,0.77,3.51,2.39,182753823.0,bullish_trend,strong_bullish_move,3.15,2.68,185.24,2025-10-01,1:2,4.96,180.28,195.16
NVDA,2025-10-28,193.05,203.15,191.91,201.03,297986200,bullish_candle,7.98,11.24,188.24,0.71,6.79,2.9,171269784.0,bullish_trend,strong_bullish_move,5.59,2.98,207.98,2025-10-29,1:2,6.2,201.78,220.38
NVDA,2025-12-19,176.67,181.45,176.34,180.99,324925927,bullish_candle,4.32,5.11,176.02,0.85,2.82,2.6,207432233.0,bullish_trend,strong_bullish_move,2.82,2.55,183.92,2025-12-22,1:2,4.69,179.23,193.3
NVDA,2026-02-06,176.69,187.0,174.6,185.41,231346241,bullish_candle,8.72,12.4,179.49,0.7,3.3,4.91,202897391.0,bullish_trend,strong_bullish_move,6.69,3.13,184.26,2026-02-09,1:2,5.77,178.49,195.8
NVDA,2026-03-31,166.97,174.62,166.96,174.4,226181301,bullish_candle,7.43,7.66,171.4,0.97,1.75,3.99,191355067.0,bullish_trend,strong_bullish_move,4.39,2.71,176.0,2026-04-01,1:2,4.77,171.23,185.54
NVDA,2026-04-10,184.31,190.0,184.3,188.63,160459525,bullish_candle,4.32,5.7,182.07,0.76,3.6,2.33,132943990.0,bullish_trend,strong_bullish_move,3.02,2.51,186.03,2026-04-13,1:2,4.67,181.36,195.37
NVDA,2026-04-14,190.84,196.51,190.77,196.51,161307010,bullish_candle,5.67,5.74,188.09,0.99,4.48,3.55,143915192.0,bullish_trend,strong_bullish_move,2.92,2.62,196.54,2026-04-15,1:2,5.15,191.39,206.84
NVDA,2026-04-24,199.96,210.95,199.81,208.27,214134441,bullish_candle,8.31,11.14,202.47,0.75,2.86,3.39,132504803.0,bullish_trend,strong_bullish_move,5.35,2.51,209.65,2026-04-27,1:2,5.26,204.39,220.17
NVDA,2026-04-27,209.65,216.83,207.38,216.61,187172421,bullish_candle,6.96,9.45,205.38,0.74,5.47,4.37,146063007.0,bullish_trend,strong_bullish_move,4.36,2.64,209.49,2026-04-28,1:2,5.53,203.96,220.55
NVDA,2026-05-06,199.89,208.27,198.61,207.83,188362812,bullish_candle,7.94,9.66,200.17,0.82,3.83,4.99,156204746.0,bullish_trend,strong_bullish_move,4.65,3.18,208.34,2026-05-07,1:2,6.63,201.71,221.6
NVDA,2026-05-14,229.85,236.54,229.3,235.74,180782900,bullish_candle,5.89,7.24,223.4,0.81,5.52,3.32,157494424.0,bullish_trend,strong_bullish_move,3.07,3.47,229.76,2026-05-15,1:2,7.97,221.79,245.7
TSLA,2021-06-23,210.67,219.07,210.01,218.86,93297600,bullish_candle,8.19,9.06,209.4,0.9,4.52,3.89,73399860.0,bullish_trend,strong_bullish_move,4.14,3.13,225.0,2021-06-24,1:2,7.04,217.96,239.08
TSLA,2021-07-29,216.6,227.9,216.27,225.78,91183800,bullish_candle,9.18,11.63,218.01,0.79,3.56,3.72,71493600.0,bullish_trend,strong_bullish_move,5.15,3.51,223.92,2021-07-30,1:2,7.86,216.06,239.64
TSLA,2021-08-12,235.45,240.93,233.13,240.75,52377300,bullish_candle,5.3,7.8,236.86,0.68,1.64,2.75,42618180.0,bullish_trend,strong_bullish_move,3.24,3.08,241.24,2021-08-13,1:2,7.43,233.81,256.1
TSLA,2021-08-23,228.48,237.38,226.92,235.43,60794700,bullish_candle,6.95,10.46,227.65,0.66,3.42,3.63,56094600.0,bullish_trend,strong_bullish_move,4.44,2.84,236.89,2021-08-24,1:2,6.73,230.16,250.35
TSLA,2021-08-30,238.24,243.67,237.58,243.64,55812600,bullish_candle,5.4,6.09,237.58,0.89,2.55,2.44,42828600.0,bullish_trend,strong_bullish_move,2.5,2.85,244.33,2021-08-31,1:2,6.96,237.37,258.25
TSLA,2021-09-07,246.67,253.4,246.42,250.97,60119400,bullish_candle,4.3,6.98,245.91,0.62,2.06,1.27,49273740.0,bullish_trend,strong_bullish_move,2.78,2.37,253.86,2021-09-08,1:2,6.02,247.84,265.9
TSLA,2021-09-24,248.63,258.27,248.19,258.13,64119000,bullish_candle,9.5,10.08,249.97,0.94,3.26,3.15,53721120.0,bullish_trend,strong_bullish_move,3.91,2.58,257.71,2021-09-27,1:2,6.65,251.06,271.01
TSLA,2021-10-15,274.58,281.07,274.12,281.01,56773800,bullish_candle,6.43,6.95,271.34,0.93,3.56,2.12,48907320.0,bullish_trend,strong_bullish_move,2.47,2.32,283.93,2021-10-18,1:2,6.59,277.34,297.11
TSLA,2021-10-18,283.93,291.75,283.82,290.04,72621600,bullish_candle,6.11,7.93,276.55,0.77,4.88,3.05,54911460.0,bullish_trend,strong_bullish_move,2.73,2.25,292.51,2021-10-19,1:2,6.58,285.93,305.67
TSLA,2021-10-21,285.33,300.0,285.17,298.0,94444500,bullish_candle,12.67,14.83,289.15,0.85,3.06,5.96,63615900.0,bullish_trend,strong_bullish_move,4.98,2.33,298.5,2021-10-22,1:2,6.96,291.54,312.42
TSLA,2021-10-25,316.84,348.34,314.73,341.62,188556300,bullish_candle,24.78,33.61,303.91,0.74,12.41,9.35,89176560.0,bullish_trend,strong_bullish_move,9.84,2.69,341.56,2021-10-26,1:2,9.19,332.37,359.94
TSLA,2021-11-01,381.67,403.25,372.89,402.86,168146100,bullish_candle,21.19,30.36,363.73,0.7,10.76,7.5,128473080.0,bullish_trend,strong_bullish_move,7.54,3.87,386.45,2021-11-02,1:2,14.96,371.49,416.37
TSLA,2021-12-23,335.6,357.66,332.52,355.67,92713200,bullish_candle,20.07,25.14,323.13,0.8,10.07,10.24,82956540.0,bullish_trend,strong_bullish_move,7.07,5.22,357.89,2021-12-27,1:2,18.68,339.21,395.25
TSLA,2022-01-03,382.58,400.36,378.68,399.93,103931400,bullish_candle,17.35,21.68,366.77,0.8,9.04,7.41,61636800.0,bullish_trend,strong_bullish_move,5.42,4.84,396.52,2022-01-04,1:2,19.19,377.33,434.9
TSLA,2022-03-22,310.0,332.62,307.25,331.33,105868500,bullish_candle,21.33,25.37,302.16,0.84,9.65,11.53,87775200.0,bullish_trend,strong_bullish_move,7.66,5.65,326.65,2022-03-23,1:2,18.46,308.19,363.57
TSLA,2022-04-04,363.13,383.3,357.51,381.82,82035900,bullish_candle,18.69,25.79,366.75,0.72,4.11,5.85,63754320.0,bullish_trend,strong_bullish_move,6.75,4.37,378.77,2022-04-05,1:2,16.55,362.22,411.87
TSLA,2022-06-15,220.92,235.66,218.15,233.0,119131800,bullish_candle,12.08,17.51,228.31,0.69,2.05,6.93,102783180.0,bullish_trend,strong_bullish_move,7.52,6.07,222.74,2022-06-16,1:2,13.52,209.22,249.78
TSLA,2022-06-21,224.6,243.58,224.33,237.04,122793000,bullish_candle,12.44,19.25,224.16,0.65,5.75,8.02,107989200.0,bullish_trend,strong_bullish_move,8.12,6.01,234.5,2022-06-22,1:2,14.09,220.41,262.68
TSLA,2022-07-07,233.92,245.36,232.21,244.54,81930600,bullish_candle,10.62,13.15,232.21,0.81,5.31,4.39,81485220.0,bullish_trend,strong_bullish_move,5.38,5.22,242.33,2022-07-08,1:2,12.65,229.68,267.63
TSLA,2022-07-21,255.11,273.27,254.87,271.71,142032300,bullish_candle,16.6,18.4,249.07,0.9,9.09,4.46,92801460.0,bullish_trend,strong_bullish_move,6.77,5.02,276.22,2022-07-22,1:2,13.87,262.35,303.96
TSLA,2022-07-29,280.7,298.32,279.1,297.15,95313000,bullish_candle,16.45,19.22,276.03,0.86,7.65,7.95,79808040.0,bullish_trend,strong_bullish_move,6.47,4.5,301.28,2022-08-01,1:2,13.56,287.72,328.4
TSLA,2022-09-14,292.24,306.0,291.64,302.61,72628700,bullish_candle,10.37,14.36,297.62,0.72,1.68,6.16,59516820.0,bullish_trend,strong_bullish_move,4.75,3.74,301.83,2022-09-15,1:2,11.29,290.54,324.41
TSLA,2022-10-25,210.1,224.35,210.0,222.42,96507900,bullish_candle,12.32,14.35,215.49,0.86,3.22,5.8,91407620.0,bullish_trend,strong_bullish_move,6.45,5.65,219.4,2022-10-26,1:2,12.4,207.0,244.2
TSLA,2022-11-23,173.57,183.62,172.5,183.2,109536700,bullish_candle,9.63,11.12,176.87,0.87,3.58,4.91,84251320.0,bullish_trend,strong_bullish_move,6.07,5.66,185.06,2022-11-25,1:2,10.47,174.59,206.0
TSLA,2022-11-30,182.43,194.76,180.63,194.7,109186400,bullish_candle,12.27,14.13,184.9,0.87,5.3,6.24,89131620.0,bullish_trend,strong_bullish_move,7.26,4.8,197.08,2022-12-01,1:2,9.46,187.62,216.0
TSLA,2023-01-17,125.7,131.7,125.02,131.49,186477000,bullish_candle,5.79,6.68,123.9,0.87,6.13,3.2,177609060.0,bullish_trend,strong_bullish_move,5.08,6.68,136.56,2023-01-18,1:2,9.12,127.44,154.8
TSLA,2023-01-27,162.43,180.68,161.17,177.9,306590600,bullish_candle,15.47,19.51,154.05,0.79,15.48,5.41,219191660.0,bullish_trend,strong_bullish_move,10.97,5.85,178.05,2023-01-30,1:2,10.42,167.63,198.89
TSLA,2023-02-14,191.94,209.82,189.44,209.25,216455700,bullish_candle,17.31,20.38,201.88,0.85,3.65,5.7,197958060.0,bullish_trend,strong_bullish_move,9.74,6.5,211.76,2023-02-15,1:2,13.76,198.0,239.28
TSLA,2023-03-21,188.28,198.0,188.04,197.58,153391400,bullish_candle,9.3,9.96,185.11,0.93,6.74,4.59,136681060.0,bullish_trend,strong_bullish_move,5.04,4.73,199.3,2023-03-22,1:2,9.43,189.87,218.16
TSLA,2023-03-31,197.53,207.79,197.2,207.46,170222100,bullish_candle,9.93,10.59,195.52,0.94,6.11,3.28,124728100.0,bullish_trend,strong_bullish_move,5.1,4.07,199.91,2023-04-03,1:2,8.14,191.77,216.19
TSLA,2023-05-22,180.7,189.32,180.11,188.87,132001400,bullish_candle,8.17,9.21,177.26,0.89,6.55,4.03,120261660.0,bullish_trend,strong_bullish_move,4.88,3.55,186.2,2023-05-23,1:2,6.61,179.59,199.42
TSLA,2023-05-26,184.62,198.6,184.53,193.17,162061500,bullish_candle,8.55,14.07,187.04,0.61,3.28,3.98,137098160.0,bullish_trend,strong_bullish_move,7.28,3.97,200.1,2023-05-30,1:2,7.94,192.16,215.98
TSLA,2023-06-08,224.22,235.23,223.01,234.86,164489700,bullish_candle,10.64,12.22,222.46,0.87,5.57,4.65,162476840.0,bullish_trend,strong_bullish_move,5.2,4.17,249.07,2023-06-09,1:2,10.39,238.68,269.85
TSLA,2023-06-20,261.5,274.75,261.12,274.45,165611200,bullish_candle,12.95,13.63,261.28,0.95,5.04,6.13,165261180.0,bullish_trend,strong_bullish_move,4.97,3.94,275.13,2023-06-21,1:2,10.84,264.29,296.81
TSLA,2023-08-21,221.55,232.13,220.58,231.28,135702700,bullish_candle,9.73,11.55,224.91,0.84,2.83,5.23,118583380.0,bullish_trend,strong_bullish_move,4.99,3.5,240.25,2023-08-22,1:2,8.41,231.84,257.07
TSLA,2023-08-29,238.58,257.48,237.77,257.18,134047600,bullish_candle,18.6,19.71,240.3,0.94,7.02,9.16,109837700.0,bullish_trend,strong_bullish_move,7.66,3.98,254.2,2023-08-30,1:2,10.12,244.08,274.44
TSLA,2023-10-04,248.14,261.86,247.6,261.16,129721567,bullish_candle,13.02,14.26,251.18,0.91,3.97,5.69,120206637.0,bullish_trend,strong_bullish_move,5.46,3.66,260.0,2023-10-05,1:2,9.52,250.48,279.04
TSLA,2023-11-28,236.68,247.0,234.01,246.72,148549913,bullish_candle,10.04,12.99,238.73,0.77,3.35,5.31,113214331.0,bullish_trend,strong_bullish_move,5.27,4.24,249.21,2023-11-29,1:2,10.57,238.64,270.35
TSLA,2023-12-14,241.22,253.88,240.79,251.05,160829239,bullish_candle,9.83,13.09,242.19,0.75,3.66,4.61,120696923.0,bullish_trend,strong_bullish_move,5.21,3.6,251.21,2023-12-15,1:2,9.04,242.17,269.29
TSLA,2024-02-15,189.16,200.88,188.86,200.45,120831762,bullish_candle,11.29,12.02,190.98,0.94,4.96,4.42,93753834.0,bullish_trend,strong_bullish_move,6.0,3.82,202.06,2024-02-16,1:2,7.72,194.34,217.5
TSLA,2024-02-26,192.29,201.78,192.0,199.4,111747116,bullish_candle,7.11,9.78,195.46,0.73,2.02,3.53,98343653.0,bullish_trend,strong_bullish_move,4.9,3.81,204.04,2024-02-27,1:2,7.77,196.27,219.58
TSLA,2024-04-25,158.96,170.88,158.36,170.18,126427521,bullish_candle,11.22,12.52,153.22,0.9,11.07,3.34,125264542.0,bullish_trend,strong_bullish_move,7.36,4.01,168.85,2024-04-26,1:2,6.77,162.08,182.39
TSLA,2024-05-21,175.51,186.88,174.71,186.6,115266512,bullish_candle,11.09,12.17,177.57,0.91,5.09,4.85,78782999.0,bullish_trend,strong_bullish_move,6.52,3.54,182.85,2024-05-22,1:2,6.47,176.38,195.79
TSLA,2024-06-26,186.54,197.76,186.36,196.37,95737066,bullish_candle,9.83,11.4,186.18,0.86,5.47,3.8,68066004.0,bullish_trend,strong_bullish_move,5.81,4.01,195.17,2024-06-27,1:2,7.83,187.34,210.83
TSLA,2024-07-01,201.02,213.23,200.85,209.86,135691395,bullish_candle,8.84,12.38,197.78,0.71,6.11,5.11,92658263.0,bullish_trend,strong_bullish_move,5.9,4.24,218.89,2024-07-02,1:2,9.28,209.61,237.45
TSLA,2024-07-02,218.89,231.3,218.06,231.26,205047920,bullish_candle,12.37,13.24,206.56,0.93,11.96,6.99,120932194.0,bullish_trend,strong_bullish_move,5.73,4.34,234.56,2024-07-03,1:2,10.18,224.38,254.92
TSLA,2024-07-03,234.56,248.35,234.25,246.39,166561471,bullish_candle,11.83,14.1,216.56,0.84,13.77,7.39,135097075.0,bullish_trend,strong_bullish_move,5.72,4.31,249.81,2024-07-05,1:2,10.77,239.04,271.35
TSLA,2024-08-13,198.47,208.49,197.06,207.83,76247400,bullish_candle,9.36,11.43,199.18,0.82,4.34,5.2,67026861.0,bullish_trend,strong_bullish_move,5.5,5.08,207.39,2024-08-14,1:2,10.54,196.85,228.47
TSLA,2024-08-15,205.02,215.88,204.82,214.14,89848530,bullish_candle,9.12,11.06,204.17,0.82,4.88,5.79,71807829.0,bullish_trend,strong_bullish_move,5.16,5.25,211.15,2024-08-16,1:2,11.09,200.06,233.33
TSLA,2024-09-04,210.59,222.22,210.57,219.41,80651800,bullish_candle,8.82,11.65,211.23,0.76,3.87,5.29,69432370.0,bullish_trend,strong_bullish_move,5.31,4.32,223.49,2024-09-05,1:2,9.65,213.84,242.79
TSLA,2024-09-19,234.0,244.24,232.13,243.92,102694600,bullish_candle,9.92,12.11,231.21,0.82,5.5,3.84,72260911.0,bullish_trend,strong_bullish_move,4.96,4.49,241.52,2024-09-20,1:2,10.84,230.68,263.2
TSLA,2024-10-24,244.68,262.12,242.65,260.48,204491903,bullish_candle,15.8,19.47,226.33,0.81,15.09,4.0,85128089.0,bullish_trend,strong_bullish_move,7.47,3.14,256.01,2024-10-25,1:2,8.04,247.97,272.09
TSLA,2024-10-25,256.01,269.49,255.32,269.19,161611931,bullish_candle,13.18,14.17,236.03,0.93,14.05,6.63,107528095.0,bullish_trend,strong_bullish_move,5.26,3.25,270.0,2024-10-28,1:2,8.78,261.22,287.56
TSLA,2024-11-08,299.14,328.71,297.66,321.22,204782800,bullish_candle,22.08,31.05,280.19,0.71,14.64,7.96,125081129.0,bullish_trend,strong_bullish_move,9.67,4.45,346.3,2024-11-11,1:2,15.41,330.89,377.12
TSLA,2024-12-06,377.42,389.49,370.8,389.22,81455834,bullish_candle,11.8,18.69,365.03,0.63,6.63,6.29,69984807.0,bullish_trend,strong_bullish_move,4.8,4.17,397.61,2024-12-09,1:2,16.58,381.03,430.77
TSLA,2024-12-16,441.09,463.19,436.15,463.02,114083811,bullish_candle,21.93,27.04,428.62,0.81,8.03,13.66,98537487.0,bullish_trend,strong_bullish_move,5.84,4.18,475.9,2024-12-17,1:2,19.89,456.01,515.68
TSLA,2025-03-21,234.99,249.52,234.55,248.71,132728700,bullish_candle,13.72,14.97,236.83,0.92,5.02,6.16,113425807.0,bullish_trend,strong_bullish_move,6.02,6.1,258.08,2025-03-24,1:2,15.74,242.34,289.56
TSLA,2025-03-24,258.08,278.64,256.33,278.39,169079900,bullish_candle,20.31,22.31,244.91,0.91,13.67,8.81,124861667.0,bullish_trend,strong_bullish_move,8.01,6.08,283.6,2025-03-25,1:2,17.24,266.36,318.08
TSLA,2025-04-02,254.6,284.99,251.27,282.76,212787817,bullish_candle,28.16,33.72,269.41,0.84,4.96,11.07,155933042.0,bullish_trend,strong_bullish_move,11.93,6.2,265.29,2025-04-03,1:2,16.45,248.84,298.19
TSLA,2025-04-09,224.69,274.69,223.88,272.2,219433400,bullish_candle,47.51,50.81,246.81,0.94,10.29,19.62,178378880.0,bullish_trend,strong_bullish_move,18.67,9.34,260.0,2025-04-10,1:2,24.28,235.72,308.56
TSLA,2025-04-25,261.69,286.85,259.63,284.95,167560700,bullish_candle,23.26,27.22,252.13,0.85,13.02,9.23,126206662.0,bullish_trend,strong_bullish_move,9.55,8.23,288.98,2025-04-28,1:2,23.78,265.2,336.54
TSLA,2025-05-13,320.0,337.59,316.8,334.07,136992600,bullish_candle,14.07,20.79,302.35,0.68,10.49,6.32,110325798.0,bullish_trend,strong_bullish_move,6.22,4.83,342.5,2025-05-14,1:2,16.54,325.96,375.58
TSLA,2025-05-27,347.35,363.79,347.32,362.89,120146414,bullish_candle,15.54,16.47,344.34,0.94,5.39,7.99,107197008.0,bullish_trend,strong_bullish_move,4.54,3.9,364.84,2025-05-28,1:2,14.23,350.61,393.3
TSLA,2025-06-23,327.54,357.54,327.48,348.68,190716815,bullish_candle,21.14,30.06,327.67,0.7,6.41,8.71,113350225.0,bullish_trend,strong_bullish_move,8.62,6.03,356.17,2025-06-24,1:2,21.48,334.69,399.13
TSLA,2025-07-10,300.05,310.48,300.0,309.87,104365300,bullish_candle,9.82,10.48,302.57,0.94,2.41,3.5,94483819.0,bullish_trend,strong_bullish_move,3.38,3.93,307.89,2025-07-11,1:2,12.1,295.79,332.09
TSLA,2025-08-06,307.89,320.47,306.93,319.91,78523600,bullish_candle,12.02,13.54,309.76,0.89,3.28,5.47,77912234.0,bullish_trend,strong_bullish_move,4.23,3.58,319.79,2025-08-07,1:2,11.45,308.34,342.69
TSLA,2025-08-22,321.66,340.25,319.69,340.01,94016347,bullish_candle,18.35,20.56,329.7,0.89,3.13,7.53,72031039.0,bullish_trend,strong_bullish_move,6.05,3.49,338.9,2025-08-25,1:2,11.83,327.07,362.56
TSLA,2025-09-11,350.17,368.99,347.6,368.81,103756010,bullish_candle,18.64,21.39,352.16,0.87,4.73,6.79,82778362.0,bullish_trend,strong_bullish_move,5.8,3.58,370.94,2025-09-12,1:2,13.28,357.66,397.5
TSLA,2025-09-12,370.94,396.69,370.24,395.94,168156400,bullish_candle,25.0,26.45,361.18,0.95,9.62,11.22,94611682.0,bullish_trend,strong_bullish_move,6.68,3.63,423.13,2025-09-15,1:2,15.36,407.77,453.85
TSLA,2025-10-01,443.8,462.29,440.75,459.46,98122300,bullish_candle,15.66,21.54,442.24,0.73,3.89,8.79,90069287.0,bullish_trend,strong_bullish_move,4.69,3.89,470.54,2025-10-02,1:2,18.3,452.24,507.14
TSLA,2025-11-03,455.99,474.07,453.8,468.37,84595244,bullish_candle,12.38,20.27,457.42,0.61,2.39,7.98,77669645.0,bullish_trend,strong_bullish_move,4.33,3.84,454.46,2025-11-04,1:2,17.45,437.01,489.36
TSLA,2025-12-03,432.1,447.92,431.11,446.74,87483000,bullish_candle,14.64,16.81,432.57,0.87,3.28,5.45,62799825.0,bullish_trend,strong_bullish_move,3.76,4.46,449.94,2025-12-04,1:2,20.07,429.87,490.08
TSLA,2025-12-16,472.21,491.5,465.83,489.88,107608100,bullish_candle,17.67,25.67,464.5,0.69,5.46,8.37,87408811.0,bullish_trend,strong_bullish_move,5.24,2.96,488.22,2025-12-17,1:2,14.45,473.77,517.12
TSLA,2026-01-22,435.16,449.5,432.63,449.36,71546729,bullish_candle,14.2,16.87,435.22,0.84,3.25,7.73,62508896.0,bullish_trend,strong_bullish_move,3.75,3.19,447.43,2026-01-23,1:2,14.27,433.16,475.97
TSLA,2026-04-15,366.83,394.65,362.5,391.95,113810400,bullish_candle,25.12,32.15,360.63,0.78,8.68,7.83,68181511.0,bullish_trend,strong_bullish_move,8.2,3.94,393.81,2026-04-16,1:2,15.52,378.29,424.85
TSLA,2026-05-06,386.25,401.68,384.02,398.73,53465400,bullish_candle,12.48,17.66,390.61,0.71,2.08,7.56,53285103.0,bullish_trend,strong_bullish_move,4.43,3.54,407.48,2026-05-07,1:2,14.42,393.06,436.32
TSLA,2026-05-08,416.48,431.2,416.39,428.35,65050000,bullish_candle,11.87,14.81,404.15,0.8,5.99,7.35,55871080.0,bullish_trend,strong_bullish_move,3.46,3.37,422.16,2026-05-11,1:2,14.23,407.93,450.62
TSLA,2026-05-11,422.16,449.16,416.8,445.0,78376127,bullish_candle,22.84,32.36,414.65,0.71,7.32,11.46,61793277.0,bullish_trend,strong_bullish_move,7.27,3.73,441.41,2026-05-12,1:2,16.46,424.95,474.33
